nombre|email|ciudad|sector
Clínica Dental Ferrer García|info@clinicadentalferrergarcia.com|Zaragoza|dental
Clínica Saura|info@clinicasaura.com|Zaragoza|dental
Clínica Dental Lorenzo|info@clinicalorenzo.com|Zaragoza|dental
Clínica Dental Zero|info@clinicadentalzero.com|Zaragoza|dental
Clínica Dental Peguero|contacto@dentalpeguero.com|Zaragoza|dental
Zárate Clínica Dental|info@zaratedentistaszaragoza.es|Zaragoza|dental
Clínica Dental Loscos|info@clinicaloscos.es|Zaragoza|dental
Clínica Dental Gingiva|info@clinicadentalgingiva.es|Córdoba|dental
AA Implantes|info@aaimplantes.es|Córdoba|dental
Clínica Dental Eduardo López|info@clinicadentaleduardolopez.es|Córdoba|dental
Clínica Manuel Rosa|info@clinicamanuelrosa.es|Córdoba|dental
Medenta|medenta@medenta.es|Córdoba|dental
Clínica Menéndez Collar|info@menendezcollar.com|Córdoba|dental
Dentsur|administracion@dentsur.es|Córdoba|dental
Clínica Dental Urbina|info@clinicadentalurbina.com|Salamanca|dental
Clínica Dental Pérez Ballesteros|drs.perezballesteros@gmail.com|Salamanca|dental
Clínica Lobato|info@clinicalobato.com|Salamanca|dental
Clínica Dental Pariente|dentalpariente@hotmail.com|Salamanca|dental
Clínica Dental Natalia Garrido|info@clinicadentalnataliagarrido.com|Salamanca|dental
Clínica Dental ESSE|info@clinicadentalesse.com|Salamanca|dental
Clínica Dental Bousoño Vargas|info@bousonovargas.es|Oviedo|dental
Clínica Dental Amoedo|info@clinicadentalamoedo.es|Oviedo|dental
Clínica Braña Abascal|clinicabranaabascal@gmail.com|Oviedo|dental
Clínica Dental Martínez|info@clinicadentalmartinez.com|Oviedo|dental
Clínica Dental Prado de la Vega|info@clinicapradodelavega.com|Oviedo|dental
Centro Odontológico Miguel González|info@centromiguelgonzalez.com|Oviedo|dental
Clínica Dental Eideia|info@eideiaclinicadental.com|Pamplona|dental
Bocas Sanas Pamplona|pamplona@bocassanas.com|Pamplona|dental
Clínica Dental Macrodent|info@clinicadentalmacrodent.es|Pamplona|dental
Clínica Dental Cabezón & Fernández|info@dentalcabezonfernandez.com|Pamplona|dental
Clínica Dental Ricardo Vásquez|cdentalrvr@movistar.es|Pamplona|dental
Clínica Dental Lucía Uribe|clinicadentalluciauribe@gmail.com|Pamplona|dental
Clínica Dental Bergamín 13|info@clinicabergamin13.com|Pamplona|dental
Bretón Clínica Dental|javier.breton@hotmail.com|Logroño|dental
Dental Gran Vía Once|clinica@granviaonce.es|Logroño|dental
Clínica Dental Victoria Muro|clinica@dentalvm.es|Logroño|dental
Clínica Dental Soldevilla|administracion@soldevillaclinica.com|Logroño|dental
Clinarte Dental|contacto@clinartedental.com|Logroño|dental
Clínica Dental Beatriz Silva|clinicabeatrizsilva@gmail.com|Logroño|dental
Riojadental|pacientes@riojadental.com|Logroño|dental
Clínica Dental Eduardo Gracia|info@dentaleduardogracia.es|Logroño|dental
Clínica Dental Lara & Ochoa|info@larayochoaclinicadental.es|Logroño|dental
Clínica Dental Ubierna|info@ubiernaclinicadental.es|Burgos|dental
Clínica Progreso Dental|info@clinicaprogresodentalburgos.es|Burgos|dental
Clínica Dental Colina|burgos@clinicacolina.com|Burgos|dental
Clínica Sánchez Arranz|info@clinicasanchezarranz.com|Burgos|dental
Clínica Dental Gil Cuesta|clinicadentalgilcuesta@gmail.com|Burgos|dental
Clínica Dental Raquel Gómez|citaprevia@clinicaraquelgomez.com|Burgos|dental
VM Clínica Dental|contacto@vmclinicadental.es|Burgos|dental
Clínica Dental Censadent|informacion@censadent.com|León|dental
Estudio Dental Sevilla-Ferreras|contacto@estudiodentalsevillaferreras.es|León|dental
Clínica Dental Zarauza Santos|clinicazarauzasantos@gmail.com|León|dental
CIO Dental|info@ciodental.es|León|dental
Clínica Dental Mesiodens|clinica@mesiodens.es|León|dental
Clínica Dental DentAlex|dentalexgijon@gmail.com|Gijón|dental
Clínica Meccano Dental|clinicameccanodental@gmail.com|Gijón|dental
Clínica Dental Fernández Arguelles|info@clinicadentalfernandezarguelles.com|Gijón|dental
Clínica Garden|info@clinicagarden.com|Gijón|dental
Clínica Dental Viesques|info@clinicadentalviesques.es|Gijón|dental
Óptica Universitaria Zaragoza Centro|zaragoza.centro@opticauniversitaria.es|Zaragoza|óptica
La Óptica Zaragoza|contacto@laopticazaragoza.es|Zaragoza|óptica
Zaragoza Ópticos|info@zaragozaopticos.com|Zaragoza|óptica
Cámara Ópticos|web@camaraopticos.com|Zaragoza|óptica
VistaOptica Actur|info@vistaactur.com|Zaragoza|óptica
Óptica Visión Zaragoza|info@opticavisionzaragoza.com|Zaragoza|óptica
Óptica Luna|jorge@claravision.es|Zaragoza|óptica
Fisactive|info@fisactive.es|Zaragoza|fisioterapia
Fisioterapia Najarro|fisionajarro@gmail.com|Zaragoza|fisioterapia
Fisioterapia López Crespo|info@fisioterapialopezcrespo.es|Zaragoza|fisioterapia
Lepol Fisioterapia|lepolzaragoza@gmail.com|Zaragoza|fisioterapia
Provenza Fisioterapia|info@provenzafisioterapia.com|Zaragoza|fisioterapia
Centro Fisioterapéutico de Zaragoza|info@fisiozgz.com|Zaragoza|fisioterapia
M&M Fisioterapia|mmfisiozaragoza@gmail.com|Zaragoza|fisioterapia
Clínica Veterinaria Zaragoza Centro|clinicazaragozacentro@gmail.com|Zaragoza|veterinaria
Clínica Veterinaria Alierta|veterinario@cvetalierta.es|Zaragoza|veterinaria
Policlínica Veterinaria Rover|pvrover@roverveterinarios.com|Zaragoza|veterinaria
Centro Veterinario Valdespartera|cvvaldespartera@gmail.com|Zaragoza|veterinaria
Estética Blanca|info@esteticablanca.es|Zaragoza|estética
Clínica Marta Suárez|clinicamartasuarez@gmail.com|Zaragoza|estética
Ana Manao|cincodemarzo@anamanao.com|Zaragoza|estética
Clínica Dra. Any Ramírez|medicinaestetica@draanyramirez.es|Zaragoza|estética
Renacek|info@renacek.com|Zaragoza|estética
Clínica Dental Campllonch|info@clinicadentalcampllonch.com|Cádiz|dental
Clínica Ábalo|info@clinicaabalo.com|Cádiz|dental
Salado Dental|saladodentalcadiz@gmail.com|Cádiz|dental
Clínica Dental Calas|info@clinicadentalcalas.com|Cádiz|dental
Clínica Dental Díaz López|info@clinicadentaldiazlopez.com|Cádiz|dental
Clínica Dental Brasilocho|info@clinicadentalbrasilocho.es|Cádiz|dental
Clínica Dental Riladent|info@clinicariladent.es|Cádiz|dental
Clínica Stolo & Maiorini|citas@clinicadiz.com|Cádiz|dental
Ilovesmile|clinicailovesmile@outlook.es|Cádiz|dental
Clínica Dental Integral Almería|contacto@clinica-dentalintegral.com|Almería|dental
Clínica Dental Almería|ramos@cdentalalmeria.com|Almería|dental
Clínica Dental Mediterráneo|info@clinicadentalmediterraneo.es|Almería|dental
Clínica Dental Ana Barrios|info@clinicadentalanabarrios.com|Almería|dental
Dental Segura|info@dentalsegura.com|Almería|dental
Clínica Dental Raquel Colón|info@raquelcolon.com|Castellón|dental
Clínica Dental Traver|info@clinicadentaltraver.es|Castellón|dental
Dental Castellón|info@dentalcastellon.com|Castellón|dental
Clínica Dental María Victoria|clinicamariavictoria@gmail.com|Castellón|dental
Clínica Dental Elena Queral|clinicaqueral@hotmail.com|Castellón|dental
Centros Dental Plus|info@centrosdentalplus.es|Castellón|dental
Clínica Dentalcom|info@clinicadentalcom.com|Vigo|dental
Clínica Dental Vilar|info@dentalvilarvigo.es|Vigo|dental
Centro Odontológico Dentine|dentinecanido@gmail.com|Vigo|dental
DentalVigo|info@dentalvigo.com|Vigo|dental
Dent & Dent|clinicadentanddent@gmail.com|Vigo|dental
Clínica Grandío Pazos|info@clinicagrandiopazos.com|Vigo|dental
Clínica Dental Cores|info@coresclinicadental.es|Vigo|dental
Clínica AME|info@clinicaame.es|Vigo|dental
Buccam Dental|info@buccamdental.com|Vigo|dental
Ulloa Óptico Córdoba|cordoba@ulloaoptico.es|Córdoba|óptica
Óptica CR|clientesopticacr@gmail.com|Córdoba|óptica
Óptica Universitaria Córdoba|cordoba@opticauniversitaria.es|Córdoba|óptica
Veo Ópticas|info@veoopticas.com|Córdoba|óptica
Fisioterapia Aquiles|info@fisioterapiaencordobaaquiles.com|Córdoba|fisioterapia
Clínica Aureum Fisioterapia|info@aureumfisioterapia.com|Córdoba|fisioterapia
Clínica Vitae|info@clinica-vitae.com|Córdoba|fisioterapia
I+TÚ Clínica|contacto@imastu.es|Córdoba|fisioterapia
Clínica Adolfo Vega|adolfovegalozano.fisioterapia@gmail.com|Córdoba|fisioterapia
Fisioterapia Mercurio|info@fisiomercurio.es|Córdoba|fisioterapia
Vázquez Fisioterapia|info@vazquezfisioterapia.com|Córdoba|fisioterapia
Clínica Bailío|info@fisioterapiabailio.com|Córdoba|fisioterapia
Clínica Gema León|fisiogemaleon@gmail.com|Córdoba|fisioterapia
AniCura Buenavista|buenavista@anicura.es|Oviedo|veterinaria
Clínica Veterinaria Kerry Blue|info@kerryblue.com|Oviedo|veterinaria
PradoVet|cvpradovet@gmail.com|Oviedo|veterinaria
Clínica Veterinaria Ramos|veterinariaramos@gmail.com|Oviedo|veterinaria
Clínica Veterinaria Ronda Sur|info@clinicaveterinariarondasur.com|Oviedo|veterinaria
Kinu Osteopatía y Fisioterapia|info@osteopatapamplona.com|Pamplona|fisioterapia
Fisio Pamplona|hola@fisiopamplona.com|Pamplona|fisioterapia
Clínica Beiman Pamplona|pamplona@clinicabeiman.com|Pamplona|fisioterapia
FisioQuercus|info@fisioquercus.com|Pamplona|fisioterapia
Leben Clinic|info@lebenclinic.com|Pamplona|fisioterapia
Opticalia Salamanca Prior|opticaliasalamancaprior@gmail.com|Salamanca|óptica
Ulloa Óptico Salamanca|salamanca@ulloaoptico.es|Salamanca|óptica
Óptica Universitaria Salamanca|salamanca@opticauniversitaria.es|Salamanca|óptica
Ferreira Ópticos|info@ferreiraopticos.es|Salamanca|óptica
Anaya Ópticos|info@anayaopticos.com|Salamanca|óptica
Óptica La Hora|tienda@opticalahora.com|Salamanca|óptica
Óptica Europa|mfba1973@gmail.com|Salamanca|óptica
Fio Dental|spadental.fio@gmail.com|Tarragona|dental
Clínica Curull|info@clinicacurull.com|Tarragona|dental
BonaDent Tarragona|tarragona@bonadent.es|Tarragona|dental
Clínica Dental Salagaray|clinicasalagaray@salagaray.com|Tarragona|dental
IB Clínica Dental|info@ibclinicadental.com|Tarragona|dental
Oral Studio Tarragona|tarragona@oralstudio.es|Tarragona|dental
Clínica Dental Enjuanes|clinicadentalenjuanes@gmail.com|Tarragona|dental
Odontología Cristina Garavito|info@odontologiacg.com|Tarragona|dental
Clínica Dra. Montserrat Zúñiga|info@clinicazuniga.com|Tarragona|dental
Artdental|info@artdental.cat|Girona|dental
Clínica Dental Sabrià|info@clinicadentalsabria.cat|Girona|dental
Clínica Cervera|info@clinicacervera.com|Girona|dental
Clínica Dental Dra. Jorgina Estany|info@clinicaestany.com|Girona|dental
Clínica Dental Girona|info@dentalgirona.com|Girona|dental
CMD Girona|info@cmdgirona.com|Girona|dental
MaxiloStetic|info@maxilostetic.com|Girona|dental
Odontoclinic Badajoz|odontoclinic2011@gmail.com|Badajoz|dental
Clínica Dental Estetic|info@clinicasdentalestetic.com|Badajoz|dental
Clínica Dental Peláez y Blanco|info@pelaezyblanco.es|Badajoz|dental
Clínica Augusta|dental@clinicaugusta.es|Badajoz|dental
Clínica Dental Mari Carmen Pérez|mcperez@centrodeortodoncia.es|Badajoz|dental
Clínica Dental Maestre|info@clinicamaestre.com|Badajoz|dental
Centro Dental Badajoz|centrodentalbadajoz@gmail.com|Badajoz|dental
Clínica Dental Doctores Paz|clinicadentaldoctorespaz@gmail.com|Badajoz|dental
Chroma Odontología Avanzada|info@clinicachroma.es|Badajoz|dental
Nueva Dental Huelva|info@nuevadentalhuelva.com|Huelva|dental
Face Clinic Huelva|huelva@faceclinic.es|Huelva|dental
Aire Estudio Dental|hola@estudiodentalaire.com|Huelva|dental
Clínica Dental Lorenzo Eugenio Chaves|clinica@dentalhuelva.es|Huelva|dental
Casado Conde Clínica Dental|info@casadocondedental.es|Huelva|dental
Clínica Stylo Dental|info@clinicastylodental.com|Huelva|dental
DentaSalud|info@dentasalud.es|Jaén|dental
Espacio Dental Jaén|espaciodentaljaen@espaciodentaljaen.com|Jaén|dental
Clínica Dental Dr. Jesús García Merino|info@clinicadentalenjaen.com|Jaén|dental
Clínica Dental Carvajal|info@clinicadentalcarvajal.com|Jaén|dental
Clínica Dental Agustín Cruz García|agustin@cruzgarcia.es|Jaén|dental
Clínica Dental Arturo Sánchez Colodro|hola@clinicacolodro.com|Jaén|dental
Clínica Dental Belmonte|info@belmonteclinicadental.com|Albacete|dental
Clínica Dental Rafael Pla|consultas@clinicarafaelpla.com|Albacete|dental
Clínica Dental Dougnac|clinicadentaldougnac@gmail.com|Albacete|dental
Clínica Dental Concepción|info@concepcionclinicadental.com|Albacete|dental
Clínica Dental UP|info@dentalup.es|Albacete|dental
Clínica Dental Altozano|administracion@clinicadentalaltozano.com|Albacete|dental
Clínica Dental Albeldo|info@albeldodental.com|Albacete|dental
Caredental|info@caredental.es|Albacete|dental
Clínica Dental Brånemark Lleida|info@branemarklleida.com|Lleida|dental
Clínica Dental Preboca|clinicadentalpreboca@gmail.com|Lleida|dental
Clínica Dental Dra. Lídia Antúnez|dentalantunez@gmail.com|Lleida|dental
Clínica Dental La Seu|clinicadentallaseu@gmail.com|Lleida|dental
Clínica Dental Odonthos|info@odonthoslleida.com|Lleida|dental
D'Clínic|administracio@declinic.com|Lleida|dental
Clínica Dental Dents|info@clinicadents.com|Lleida|dental
DentalSegrià|info@dentalsegria.com|Lleida|dental
Clínica Dental Cacereña|info@clinicadentalcacerena.es|Cáceres|dental
Clínica Dental García Agúndez|citas@clinicadentaljmgarciaagundez.es|Cáceres|dental
Clínica Dental María Luisa Jurado|clinica.mluisajurado@gmail.com|Cáceres|dental
Clínica Dental Barrantes|info@clinicadentalbarrantes.es|Cáceres|dental
Clínica Dental La Chicuela|info@clinicalachicuela.es|Cáceres|dental
Zavala Clínica Dental|zavalacdental@gmail.com|Cáceres|dental
Clínica Dental R66|clinicadentalr66@gmail.com|Cáceres|dental
Maredent|sonrie@maredent.com|Cáceres|dental
Clínica Dental D·Lerma|centromedico@dlerma.es|Toledo|dental
Ortodoncia Toledo|clinica@ortodonciatoledo.com|Toledo|dental
Clínica Dental SEDI|info@clinicadentalsedi.es|Toledo|dental
Clínica Dental Infantil Toledo|clinicamarina@yahoo.com|Toledo|dental
Centro Dental Pereda|clinica@centrodentalpereda.es|Toledo|dental
Clínica Veterinaria Aoiz|clinivetaoiz@gmail.com|Pamplona|veterinaria
Clínica Veterinaria Zalavet|info@zalavet.com|Pamplona|veterinaria
Clínica Veterinaria Ibaia|clinibaia@hotmail.es|Pamplona|veterinaria
Clínica Veterinaria Iturvet|info@veterinariaiturvet.com|Pamplona|veterinaria
Clínica Veterinaria Bosco|boscovet@boscovet.com|Pamplona|veterinaria
Álvaro Zapatero Fisioterapeutas|clinica@clinica-fisioterapia.com|Logroño|fisioterapia
Optimus Salud|contacto@optimus-salud.com|Logroño|fisioterapia
Fisiorioja|fisiorioja@fisiorioja.es|Logroño|fisioterapia
Fisioderma|info@fisioderma.com|Logroño|fisioterapia
Centro Trisana|hola@centrotrisana.com|Logroño|fisioterapia
Clínica Dental Irisarri Donostia|clinicadentalirisarriexojo@gmail.com|San Sebastián|dental
Clínica Dental Dentika|info@dentikadonostia.com|San Sebastián|dental
Clínica Dental Dr. Ruiz Villandiego|clinica@ruizvillandiego.com|San Sebastián|dental
Clínica Dental Ziortza Ugarte|info@clinicadentalziortzaugarte.com|San Sebastián|dental
Clínica Dental Urumea|info@clinicadentalurumea.com|San Sebastián|dental
Clínica Dental Loiti|loiticlinic@gmail.com|San Sebastián|dental
Clínica Dental GEO|geoclinicadental@gmail.com|Las Palmas|dental
Clínica Dental Adalia|info@adaliadental.com|Las Palmas|dental
Danisa Dental|recepciondanisadental@gmail.com|Las Palmas|dental
Clínica Dental Tirma López|info@tirmalopezclinicadental.com|Las Palmas|dental
Dental Las Ramblas|info@dentalasramblas.com|Las Palmas|dental
Centro Brånemark Las Palmas|recepcion@branemark.es|Las Palmas|dental
Centro de Calidad Dental|info@ccdcanarias.com|Santa Cruz de Tenerife|dental
Prodental Santa Cruz|info@prodentalsantacruz.es|Santa Cruz de Tenerife|dental
Clínica Dental Odontomet Villena|info@clinicaodontometvillena.com|Santa Cruz de Tenerife|dental
Clínica Dental Bances|info@clinicadentalbances.com|Santa Cruz de Tenerife|dental
Clínica Dental Naveiras|clinica@naveiras.es|Santa Cruz de Tenerife|dental
Valeas Dental|hola@valeasdental.com|Santa Cruz de Tenerife|dental
Clínica Dental Toscar|info@dentaltoscar.es|Elche|dental
Clínica Andes Dental|clinica@andesdental.net|Elche|dental
Clínica Blasco|info@clinicablasco.com|Elche|dental
AN Dental|recepcion@clinicasandental.es|Elche|dental
Esteban & Cabrera|recepcion@estebanycabrera.es|Elche|dental
Instituto Dental Elche|contacto@idem.pro|Elche|dental
Clínica Dental Francisco Javier Urios|info@clinicadentalfranciscojavierurios.es|Cartagena|dental
Clínica Dental Peñalver|info@dentalpenalver.com|Cartagena|dental
Clínica Dental Pilar Díez|pdiezgarcia8@gmail.com|Cartagena|dental
Ortodent Smile|info@ortodentsmile.com|Cartagena|dental
Clínica Ortonova|info@clinicaortonova.com|Cartagena|dental
Clínica Dental Jerez|clinicadentaljerez@hotmail.es|Jerez|dental
Clínica Endoperio|recepcion@clinicaendoperio.com|Jerez|dental
El Bosque Clínica Dental|recepcion@elbosqueclinicadental.com|Jerez|dental
Zenit Odontólogos|info@zenitodontologos.com|Jerez|dental
Clínica San Benito|info@clinicasanbenito.com|Jerez|dental
Clínica Gener|info@clinicagener.com|Jerez|dental
Clínica Dental Chapín|chapinsan@hotmail.com|Jerez|dental
Clínica Veterinaria 20 de Abril|info@veterinaria20deabril.es|Burgos|veterinaria
Clínica Veterinaria Prada|prada@clinicaswecan.com|Burgos|veterinaria
Clínica Veterinaria Aguilar|cvaguilar90@gmail.com|Burgos|veterinaria
Clínica Veterinaria Veterinea|info@veterinea.es|Burgos|veterinaria
Hospital Veterinario Valderrama|info@hospitalveterinarioburgos.com|Burgos|veterinaria
Hospital Veterinario Vistalegre|contacto@veterinariavistalegre.com|Burgos|veterinaria
Centro Veterinario Teresa Jornet|consulta@centroveterinarioteresajornet.es|Burgos|veterinaria
Clinanimal|vet@clinanimal.com|Burgos|veterinaria
Opticalia Quesada|quesada@opticaquesada.es|Oviedo|óptica
Óptica Oviedo|opticaoviedo1@gmail.com|Oviedo|óptica
Clínica Dental Erly|clinicadentalerly@hotmail.com|Santiago de Compostela|dental
Clínica Dental Baltar|info@clinicabaltar.es|Santiago de Compostela|dental
Pías Clínica Dental|info@piasclinicadental.com|Santiago de Compostela|dental
Clínica Dental Eva Otero|info@evaotero.es|Santiago de Compostela|dental
Compostela Dental Center|composteladentalcenter@outlook.com|Santiago de Compostela|dental
Centro de Tratamiento y Estética Dental|ctedsantiago@yahoo.es|Santiago de Compostela|dental
Clínica Dental Diniz-Lago|info@diniz-lago.com|Santiago de Compostela|dental
Clínica Dental Julio Vázquez Quintela|info@clinicadentalvazquezquintela.es|Ourense|dental
Clínica Dental Otero Fernández|info@clinicaoterofernandez.com|Ourense|dental
Clínica Dental Dra. Mª Teresa Leyes|vadilloyleyes@hotmail.com|Ourense|dental
Clínica Dental Oudent|oudent.clinicadental@gmail.com|Ourense|dental
Cardenal Quiroga Odontología|info@cardenalquiroga.com|Ourense|dental
Clínica Dental Lucía Diéguez|info@luciadieguez.com|Ourense|dental
Clínica Dental Blanco Arce|info@clinicadentalblancoarce.es|Ourense|dental
Clínica Dental Margal|clinicadentalmargal@gmail.com|Ourense|dental
Clínica Dental Miguel Darriba|clinicamigueldarriba@gmail.com|Lugo|dental
Magoi Dental|clinica@magoidental.es|Lugo|dental
Clínica Dental da Milagrosa|info@clinicadentaldamilagrosa.com|Lugo|dental
Clínica Dental Sanident Lugo|info@clinicasanidentlugo.com|Lugo|dental
Clínica Dental Arias López|info@clinicadentalariaslopez.com|Lugo|dental
Clínica Sumuela|lugo@sumuela.es|Lugo|dental
Clínica Dr. Henry Yallico|info@yallicodental.com|Lugo|dental
Clínica Dental Eva Millán|millandentalguada@gmail.com|Guadalajara|dental
Clínica Dental Guadalajara|info@clinicadentalguadalajara.com|Guadalajara|dental
Clínica Sanident Guadalajara|info@sanidentguadalajara.com|Guadalajara|dental
Clínica Los Valles|atencionalpaciente@clinicalosvalles.es|Guadalajara|dental
GH Dent|gabriela@ghdent.es|Guadalajara|dental
Clínica Dental JPG|recepcion@jpgdental.com|Guadalajara|dental
Clínica Veterinaria La Vega|info@cvlavega.com|Salamanca|veterinaria
Clínica Veterinaria Sedano|contacto@clinicaveterinariasedano.com|Salamanca|veterinaria
Cevesa Centro Veterinario|administracion@cevesa.net|Salamanca|veterinaria
Norte Veterinarios Salamanca|novevetsalamanca@gmail.com|Salamanca|veterinaria
Fisyos Oviedo|fisyosoviedo@gmail.com|Oviedo|fisioterapia
Leal Fisioterapia|info@lealfisioterapia.es|Oviedo|fisioterapia
Clínica Ovimed|ovimed@ovimed.es|Oviedo|fisioterapia
The One Fisioterapia|info@theonefisioterapia.com|Oviedo|fisioterapia
Fisioterapia López Uría|info@lopezuriafisioterapia.com|Oviedo|fisioterapia
Rubén Martino Fisioterapia|info@fisiorubenoviedo.es|Oviedo|fisioterapia
Lucía Richard Fisioterapia|info@luciarichardfisioterapia.es|Oviedo|fisioterapia
